"Density_kg/m, Experimental","Density_kg/m, Prediction",Salt Name,Temperature_K,Pressure_kPa
7.36226448727,7.35813593503,1-ethyl-3-methylimidazolium tetrafluoroborate,318.15,2000.0
7.12705143857,7.12528009027,1-ethyl-3-methylimidazolium hexafluorophosphate,452.5,80000.0
7.09240745111,7.09398462271,1-ethyl-3-methylimidazolium tetrafluoroborate,452.6,80000.0
7.10996115908,7.11012019429,1-ethyl-3-methylimidazolium methylsulfate,308.15,101.0
7.12719598321,7.10378987651,1-ethyl-3-methylimidazolium thiocyanate,333.15,101.325
7.28226621177,7.28864054076,1-ethyl-3-methylimidazolium ethyl sulfate,373.15,25000.0
7.0741168162,7.0729726922,1-ethyl-3-methylimidazolium bis[(trifluoromethyl)sulfonyl]imide,303.15,100.0
7.12068686522,7.12443850292,1-ethyl-3-methylimidazolium tetrafluoroborate,313.2,190000.0
7.11801620447,7.1185945703,1-ethyl-3-methylimidazolium ethyl sulfate,308.15,101.325
7.05133600746,7.04901419451,1-ethyl-3-methylimidazolium methylsulfate,302.15,101.325
7.32574825133,7.32662912286,1-ethyl-3-methylimidazolium tetrafluoroborate,295.0,101.325
7.1600692076,7.15816100409,1-ethyl-3-methylimidazolium acetate,358.15,101.325
7.35946763826,7.31615492383,1-ethyl-3-methylimidazolium methylsulfate,326.15,101.325
7.11725416378,7.12004982521,1-ethyl-3-methylimidazolium acetate,313.15,101.0
7.16239749736,7.15691068279,1-ethyl-3-methylimidazolium ethyl sulfate,340.65,5000.0
7.11757850739,7.12151676892,1-ethyl-3-methylimidazolium trifluoromethanesulfonate,323.27,101.325
7.21310534909,7.198924912,1-ethyl-3-methylimidazolium bis[(trifluoromethyl)sulfonyl]imide,353.19,99944.0
7.1483457439,7.14954037659,1-ethyl-3-methylimidazolium ethyl sulfate,316.15,101.325
7.1713495559,7.16973289111,1-ethyl-3-methylimidazolium acetate,318.15,101.325
7.35135076245,7.34746834779,1-ethyl-3-methylimidazolium ethyl sulfate,293.15,101.325
7.11444419222,7.11742569085,1-ethyl-3-methylimidazolium ethyl sulfate,293.15,10000.0
7.13433292703,7.13258555632,1-ethyl-3-methylimidazolium acetate,348.15,101.0
7.01750614294,7.01968728682,1-ethyl-3-methylimidazolium ethyl sulfate,328.15,101.0
7.12413198677,7.12907888136,1-ethyl-3-methylimidazolium thiocyanate,293.15,101.325
7.00406495912,7.00492385546,1-ethyl-3-methylimidazolium tetrafluoroborate,308.15,12000.0
7.07097896008,7.0707003099,1-ethyl-3-methylimidazolium ethyl sulfate,278.15,101.325
7.29008822303,7.29519210795,1-ethyl-3-methylimidazolium trifluoromethanesulfonate,333.15,5000.0
7.08590146437,7.08513524097,1-ethyl-3-methylimidazolium bis[(trifluoromethyl)sulfonyl]imide,283.2,29957.0
7.1777824162,7.18314558754,1-ethyl-3-methylimidazolium ethyl sulfate,293.15,20000.0
7.17165682277,7.17759328812,1-ethyl-3-methylimidazolium trifluoromethanesulfonate,393.15,15000.0
7.33856319476,7.33535796196,1-ethyl-3-methylimidazolium hexafluorophosphate,392.9,80000.0
7.13512986682,7.1335525419,1-ethyl-3-methylimidazolium ethyl sulfate,343.15,5000.0
6.99402471413,6.99338749921,1-ethyl-3-methylimidazolium acetate,313.15,101.0
7.13568734703,7.13466592363,1-ethyl-3-methylimidazolium ethyl sulfate,298.15,101.0
7.12423668742,7.1276762968,1-ethyl-3-methylimidazolium tetrafluoroborate,332.6,130000.0
7.00470048504,7.0050762937,1-ethyl-3-methylimidazolium trifluoromethanesulfonate,272.278,2655.9
7.09514729259,7.09459691319,1-ethyl-3-methylimidazolium ethyl sulfate,340.65,100.0
7.38150189451,7.35233157194,1-ethyl-3-methylimidazolium ethyl sulfate,313.15,101.325
7.1089803662,7.11272095107,1-ethyl-3-methylimidazolium hexafluorophosphate,352.7,100000.0
7.01920720428,7.021609883,1-ethyl-3-methylimidazolium tetrafluoroborate,293.15,10000.0
7.08061555199,7.08127178022,1-ethyl-3-methylimidazolium hexafluorophosphate,372.8,80000.0
7.34148385236,7.33828232557,1-ethyl-3-methylimidazolium ethyl sulfate,340.65,2500.0
7.11720550316,7.14814420088,1-ethyl-3-methylimidazolium hexafluorophosphate,432.6,150000.0
7.10685200914,7.1024623438,1-ethyl-3-methylimidazolium bis[(trifluoromethyl)sulfonyl]imide,443.15,101.325
7.26836248145,7.25466030923,1-ethyl-3-methylimidazolium ethyl sulfate,298.15,101.325
7.08389107669,7.08408057799,1-ethyl-3-methylimidazolium tetrafluoroborate,313.15,20000.0
7.15796910182,7.13735962381,1-ethyl-3-methylimidazolium ethyl sulfate,333.16,129872.0
7.11995921026,7.12443394432,1-ethyl-3-methylimidazolium trifluoromethanesulfonate,308.15,101.325
7.17411156472,7.17235616553,1-ethyl-3-methylimidazolium hexafluorophosphate,452.5,140000.0
7.13560772602,7.14076767585,1-ethyl-3-methylimidazolium ethyl sulfate,300.65,10000.0
7.27931883541,7.29271889087,1-ethyl-3-methylimidazolium tetrafluoroborate,313.15,14000.0
7.32547828449,7.31780454364,1-ethyl-3-methylimidazolium ethyl sulfate,328.15,2500.0
7.12528309151,7.13609854005,1-ethyl-3-methylimidazolium ethyl sulfate,303.15,35000.0
7.1212039868,7.12586447508,1-ethyl-3-methylimidazolium trifluoromethanesulfonate,271.042,11097.0
7.31302036709,7.30730539084,1-ethyl-3-methylimidazolium ethyl sulfate,288.15,2500.0
7.14369658853,7.14258061556,1-ethyl-3-methylimidazolium tetrafluoroborate,452.6,30000.0
6.98007594056,6.99256375027,1-ethyl-3-methylimidazolium methylsulfate,314.15,101.325
7.11354919196,7.11275017305,1-ethyl-3-methylimidazolium ethyl sulfate,313.15,101.325
7.10619621766,7.10865909498,1-ethyl-3-methylimidazolium bis[(trifluoromethyl)sulfonyl]imide,302.98,101.325
7.12276987972,7.12736070154,1-ethyl-3-methylimidazolium ethyl sulfate,288.15,101.0
7.09961454026,7.10190250128,1-ethyl-3-methylimidazolium bis[(trifluoromethyl)sulfonyl]imide,285.0,101.325
7.13465177917,7.14018326053,1-ethyl-3-methylimidazolium ethyl sulfate,323.15,35000.0
7.1521122267,7.16234338354,1-ethyl-3-methylimidazolium trifluoromethanesulfonate,347.763,20122.0
7.30854279754,7.31233326037,1-ethyl-3-methylimidazolium trifluoromethanesulfonate,299.193,50157.0
7.12640876502,7.13170887232,1-ethyl-3-methylimidazolium tetrafluoroborate,372.8,200000.0
7.11338637855,7.11567821607,1-ethyl-3-methylimidazolium ethyl sulfate,353.15,101.325
7.2597492844,7.24566339089,1-ethyl-3-methylimidazolium methanesulfonate,338.15,101.325
7.11004284842,7.11154212199,1-ethyl-3-methylimidazolium ethyl sulfate,350.65,100.0
7.12876054579,7.10554319569,1-ethyl-3-methylimidazolium ethyl sulfate,315.65,15000.0
7.13648320859,7.14135209117,1-ethyl-3-methylimidazolium ethyl sulfate,333.15,10000.0
7.09696969203,7.09521698131,1-ethyl-3-methylimidazolium tetrafluoroborate,285.0,101.325
7.16332729752,7.14236289834,1-ethyl-3-methylimidazolium ethyl sulfate,323.15,25000.0
7.16734647127,7.16799543468,1-ethyl-3-methylimidazolium ethyl sulfate,273.15,101.325
7.22591805869,7.22057247332,1-ethyl-3-methylimidazolium thiocyanate,308.15,101.325
7.14677217945,7.14528509696,1-ethyl-3-methylimidazolium acetate,298.15,101.325
7.13344757947,7.11080315321,1-ethyl-3-methylimidazolium ethyl sulfate,303.15,100.0
7.19188103523,7.1904738336,1-ethyl-3-methylimidazolium ethyl sulfate,303.15,55000.0
7.32212066188,7.32370692424,1-ethyl-3-methylimidazolium hexafluorophosphate,392.9,200000.0
7.23323878866,7.22670904772,1-ethyl-3-methylimidazolium methylsulfate,313.15,101.325
7.29573507275,7.30134578867,1-ethyl-3-methylimidazolium trifluoromethanesulfonate,393.15,10000.0
7.1247117296,7.1296633882,1-ethyl-3-methylimidazolium trifluoromethanesulfonate,323.14,101.325
7.11898817927,7.12206559246,1-ethyl-3-methylimidazolium hexafluorophosphate,452.5,100000.0
7.31388683163,7.33129164422,1-ethyl-3-methylimidazolium ethyl sulfate,288.15,25000.0
7.31088432729,7.31422683532,1-ethyl-3-methylimidazolium tetrafluoroborate,293.15,8000.0
7.14606326682,7.13067398988,1-ethyl-3-methylimidazolium tetrafluoroborate,319.239,1155.6
7.09448377759,7.09313590541,1-ethyl-3-methylimidazolium thiocyanate,308.15,800.0
7.29301767977,7.29795602118,"1-ethyl-3-methylimidazolium 1,1,2,2,2-pentafluoro-N-[(pentafluoroethyl)sulfonyl]ethanesulfonamide",293.0,101.325
7.15453722886,7.15691079675,1-ethyl-3-methylimidazolium acetate,328.15,101.0
6.98545678665,6.99840814752,1-ethyl-3-methylimidazolium bis[(trifluoromethyl)sulfonyl]imide,323.0,101.325
7.28865443315,7.29497002297,1-ethyl-3-methylimidazolium hexafluorophosphate,373.15,101.325
7.12415614943,7.12265006879,1-ethyl-3-methylimidazolium bis[(trifluoromethyl)sulfonyl]imide,293.11,101.325
7.13568734703,7.1412326326,1-ethyl-3-methylimidazolium ethyl sulfate,353.15,25000.0
7.10101677581,7.09954014518,1-ethyl-3-methylimidazolium methylsulfate,303.15,25000.0
7.15461535691,7.16471693431,1-ethyl-3-methylimidazolium tetrafluoroborate,333.15,101.325
7.15469347886,7.15691079675,1-ethyl-3-methylimidazolium ethyl sulfate,322.3,101.325
7.00342902905,7.00422253268,1-ethyl-3-methylimidazolium methylsulfate,298.15,100.0
7.34187262966,7.34334353697,1-ethyl-3-methylimidazolium methylsulfate,308.15,101.325
7.11509459875,7.1185945703,1-ethyl-3-methylimidazolium acetate,308.15,101.0
7.0601329594,7.05905523111,1-ethyl-3-methylimidazolium ethyl sulfate,303.15,2010.0
7.11430592632,7.11826677086,1-ethyl-3-methylimidazolium ethyl sulfate,298.15,100.0
7.37086016654,7.33953226875,1-ethyl-3-methylimidazolium tetrafluoroborate,343.15,101.325
7.12584608666,7.12440337576,1-ethyl-3-methylimidazolium ethyl sulfate,323.18,101.325
7.11232744471,7.10830674105,1-ethyl-3-methylimidazolium tetrafluoroborate,340.348,9969.2
7.1483457439,7.14814420088,1-ethyl-3-methylimidazolium methylsulfate,333.15,101.325
7.09307234476,7.09553211194,1-ethyl-3-methylimidazolium ethyl sulfate,343.15,101.325
6.97994569952,6.99256375027,1-ethyl-3-methylimidazolium ethyl sulfate,333.15,35000.0
7.16348218019,7.16213512588,1-ethyl-3-methylimidazolium ethyl sulfate,313.15,101.325
7.11004284842,7.11275017305,1-ethyl-3-methylimidazolium methanesulfonate,298.15,101.325
7.13153862558,7.13726081784,1-ethyl-3-methylimidazolium tetrafluoroborate,293.15,50000.0
7.10062929554,7.10365577774,1-ethyl-3-methylimidazolium tetrafluoroborate,313.15,15000.0
7.16780918432,7.17180745688,1-ethyl-3-methylimidazolium bis[(trifluoromethyl)sulfonyl]imide,293.0,101.325
7.15187723668,7.15457292389,1-ethyl-3-methylimidazolium tetrafluoroborate,432.9,200000.0
6.99025650049,7.00425265873,1-ethyl-3-methylimidazolium tetrafluoroborate,356.401,59860.0
7.09506437729,7.09277986766,1-ethyl-3-methylimidazolium thiocyanate,318.15,2000.0
7.1553963019,7.13414518702,1-ethyl-3-methylimidazolium methanesulfonate,348.15,101.325
7.11546839104,7.12005520499,1-ethyl-3-methylimidazolium thiocyanate,363.15,101.325
7.1268908089,7.13083575596,1-ethyl-3-methylimidazolium ethyl sulfate,300.65,20000.0
7.01436501404,7.01591132717,1-ethyl-3-methylimidazolium trifluoromethanesulfonate,353.15,15000.0
7.01355569787,7.02763013375,1-ethyl-3-methylimidazolium trifluoromethanesulfonate,313.15,101.325
7.15793795596,7.14236289834,1-ethyl-3-methylimidazolium hexafluorophosphate,432.6,30000.0
7.09374509946,7.09693475752,1-ethyl-3-methylimidazolium ethyl sulfate,333.15,40000.0
7.11403747322,7.11680567155,1-ethyl-3-methylimidazolium ethyl sulfate,323.15,10000.0
7.09804500543,7.10131805545,1-ethyl-3-methylimidazolium trifluoromethanesulfonate,298.15,101.325
7.32929056727,7.32955132148,1-ethyl-3-methylimidazolium ethyl sulfate,283.15,20000.0
7.27586460055,7.28798488029,1-ethyl-3-methylimidazolium bis[(trifluoromethyl)sulfonyl]imide,313.15,101.325
7.1236727852,7.12736116617,1-ethyl-3-methylimidazolium ethyl sulfate,298.15,101.325
6.99080883412,6.99727444842,1-ethyl-3-methylimidazolium tetrafluoroborate,313.2,90000.0
7.21964204013,7.23211258905,1-ethyl-3-methylimidazolium bis[(trifluoromethyl)sulfonyl]imide,313.16,80342.0
7.11655646858,7.1141511383,1-ethyl-3-methylimidazolium trifluoromethanesulfonate,293.15,7500.0
7.16595704611,7.16709012391,1-ethyl-3-methylimidazolium bis[(trifluoromethyl)sulfonyl]imide,293.15,101.325
7.10298483462,7.10570129237,1-ethyl-3-methylimidazolium acetate,288.15,101.0
6.9906247568,7.00425254477,1-ethyl-3-methylimidazolium ethyl sulfate,333.15,101.325
7.16780918432,7.17285927753,1-ethyl-3-methylimidazolium ethyl sulfate,292.49,101.325
7.14424931466,7.15011868704,1-ethyl-3-methylimidazolium trifluoromethanesulfonate,264.312,10134.0
7.30182234214,7.31603779182,1-ethyl-3-methylimidazolium bis[(trifluoromethyl)sulfonyl]imide,291.0,101.325
7.09680415653,7.09369574793,1-ethyl-3-methylimidazolium ethyl sulfate,320.65,20000.0
7.01400539882,7.02763024772,1-ethyl-3-methylimidazolium trifluoromethanesulfonate,297.94,101.325
7.10906213569,7.11856534831,1-ethyl-3-methylimidazolium tetrafluoroborate,288.15,50000.0
7.08565038682,7.08676551607,1-ethyl-3-methylimidazolium bis[(trifluoromethyl)sulfonyl]imide,303.15,101.325
6.98150747357,6.99548606286,1-ethyl-3-methylimidazolium tetrafluoroborate,293.15,100.0
7.21868990324,7.20621911637,1-ethyl-3-methylimidazolium trifluoromethanesulfonate,342.99,101.325
7.3153514481,7.31195173546,1-ethyl-3-methylimidazolium tetrafluoroborate,313.15,101.325
7.15890302671,7.16096629524,1-ethyl-3-methylimidazolium ethyl sulfate,323.15,40000.0
7.09423484592,7.09074432732,1-ethyl-3-methylimidazolium bis[(trifluoromethyl)sulfonyl]imide,293.17,29994.0
7.1456692092,7.14752419378,1-ethyl-3-methylimidazolium tetrafluoroborate,313.15,4000.0
7.12294730051,7.12674115907,1-ethyl-3-methylimidazolium ethyl sulfate,323.15,25000.0
7.27655640272,7.29043967358,1-ethyl-3-methylimidazolium tetrafluoroborate,303.15,101.325
7.20860033796,7.22509936117,1-ethyl-3-methylimidazolium trifluoromethanesulfonate,288.15,101.0
7.13409372119,7.13901430786,1-ethyl-3-methylimidazolium tetrafluoroborate,432.9,160000.0
7.07716044384,7.07414158385,1-ethyl-3-methylimidazolium bis[(trifluoromethyl)sulfonyl]imide,403.15,101.325
7.12785420011,7.132001141,1-ethyl-3-methylimidazolium thiocyanate,313.15,101.325
7.13703993505,7.11314091211,1-ethyl-3-methylimidazolium trifluoromethanesulfonate,353.15,1000.0
7.13815245901,7.14602741371,1-ethyl-3-methylimidazolium ethyl sulfate,333.15,29992.0
7.13137871513,7.12966335769,1-ethyl-3-methylimidazolium ethyl sulfate,393.15,10000.0
7.15461535691,7.15402950891,1-ethyl-3-methylimidazolium ethyl sulfate,313.15,20000.0
7.11476944837,7.11739008686,1-ethyl-3-methylimidazolium ethyl sulfate,253.15,101.325
7.1032398223,7.10570135339,1-ethyl-3-methylimidazolium methanesulfonate,358.15,101.325
7.15796910182,7.15605703573,1-ethyl-3-methylimidazolium tetrafluoroborate,413.0,80000.0
7.01822273201,7.01982708675,1-ethyl-3-methylimidazolium ethyl sulfate,393.15,109877.0
7.31674749287,7.31786252699,1-ethyl-3-methylimidazolium tetrafluoroborate,332.6,110000.0
7.25770767716,7.26367211452,1-ethyl-3-methylimidazolium ethyl sulfate,393.15,15000.0
7.3215191899,7.31431300814,1-ethyl-3-methylimidazolium thiocyanate,338.15,1000.0
7.13300860316,7.13872216122,1-ethyl-3-methylimidazolium ethyl sulfate,283.15,25000.0
7.11451738408,7.11713931539,1-ethyl-3-methylimidazolium tetrafluoroborate,313.15,101.0
7.16549347506,7.14408067455,1-ethyl-3-methylimidazolium bis[(trifluoromethyl)sulfonyl]imide,393.15,3000.0
6.98610424539,6.98462090334,1-ethyl-3-methylimidazolium bis[(trifluoromethyl)sulfonyl]imide,328.15,100.0
6.97867961732,6.99256386424,1-ethyl-3-methylimidazolium ethyl sulfate,298.15,10000.0
7.21022743691,7.20695504116,1-ethyl-3-methylimidazolium ethyl sulfate,313.15,35000.0
7.12928152316,7.10612763541,1-ethyl-3-methylimidazolium tetrafluoroborate,303.15,60000.0
7.10832596944,7.10982797443,1-ethyl-3-methylimidazolium trifluoromethanesulfonate,333.15,35000.0
7.11882624906,7.12151676892,1-ethyl-3-methylimidazolium ethyl sulfate,333.15,101.325
7.15461535691,7.16585034814,1-ethyl-3-methylimidazolium ethyl sulfate,373.15,60000.0
7.13396612135,7.11138759293,1-ethyl-3-methylimidazolium trifluoromethanesulfonate,331.492,1256.6
7.1018407027,7.10412337711,1-ethyl-3-methylimidazolium bis[(trifluoromethyl)sulfonyl]imide,303.15,1000.0
7.21406281556,7.20917585598,1-ethyl-3-methylimidazolium ethyl sulfate,293.15,101.325
7.11200139319,7.11567190705,1-ethyl-3-methylimidazolium tetrafluoroborate,298.15,101.325
7.01562264985,7.01676508819,1-ethyl-3-methylimidazolium tetrafluoroborate,293.15,40000.0
7.15140709093,7.15336859103,1-ethyl-3-methylimidazolium ethyl sulfate,298.15,100.0
7.10603220257,7.10982797443,1-ethyl-3-methylimidazolium ethyl sulfate,343.15,101.325
7.12447826249,7.12849446604,1-ethyl-3-methylimidazolium ethyl sulfate,343.15,101.325
7.01121398735,7.01594145323,1-ethyl-3-methylimidazolium tetrafluoroborate,303.11,101.0
7.11476944837,7.11203668,1-ethyl-3-methylimidazolium thiocyanate,298.327,1121.0
7.20667398336,7.19460045465,1-ethyl-3-methylimidazolium tetrafluoroborate,313.15,8000.0
7.13886699995,7.11778082592,1-ethyl-3-methylimidazolium thiocyanate,305.15,392.3
7.34213173058,7.34115245002,1-ethyl-3-methylimidazolium tetrafluoroborate,313.2,100000.0
7.08615247888,7.08703482517,1-ethyl-3-methylimidazolium tetrafluoroborate,323.15,40000.0
7.11923102543,7.12258624842,1-ethyl-3-methylimidazolium tetrafluoroborate,303.0,101.325
7.26822302116,7.28342644569,1-ethyl-3-methylimidazolium tetrafluoroborate,318.15,100.0
7.30921236569,7.31201812974,1-ethyl-3-methylimidazolium methylsulfate,308.15,101.0
7.15952515908,7.15757658877,1-ethyl-3-methylimidazolium tetrafluoroborate,313.15,100.0
7.33106030522,7.3302171135,1-ethyl-3-methylimidazolium ethyl sulfate,318.15,100.0
7.1051296384,7.10570123135,1-ethyl-3-methylimidazolium tetrafluoroborate,472.4,190000.0
7.14235298034,7.14229980363,1-ethyl-3-methylimidazolium ethyl sulfate,373.17,5226.0
7.04725631776,7.04620539674,1-ethyl-3-methylimidazolium ethyl sulfate,283.15,100.0
7.11232744471,7.11567237168,1-ethyl-3-methylimidazolium ethyl sulfate,293.15,10000.0
7.101404106,7.10398311256,1-ethyl-3-methylimidazolium ethyl sulfate,290.65,101.325
7.15796910182,7.17075177626,1-ethyl-3-methylimidazolium ethyl sulfate,363.15,101.325
7.19982769974,7.18714884816,1-ethyl-3-methylimidazolium bis[(trifluoromethyl)sulfonyl]imide,293.49,20000.0
7.3087638046,7.31201812974,1-ethyl-3-methylimidazolium ethyl sulfate,333.16,60002.0
6.96950867526,6.98087506975,1-ethyl-3-methylimidazolium methylsulfate,332.15,101.325
7.09630738553,7.09279155646,1-ethyl-3-methylimidazolium acetate,283.15,101.325
7.1310588175,7.13353320776,1-ethyl-3-methylimidazolium ethyl sulfate,318.15,101.325
7.21737006143,7.2131500998,1-ethyl-3-methylimidazolium methylsulfate,295.15,101.325
7.13409372119,7.13904996066,1-ethyl-3-methylimidazolium ethyl sulfate,283.15,30000.0
7.10889859002,7.11092690961,1-ethyl-3-methylimidazolium thiocyanate,298.15,500.0
7.32072548658,7.32370692424,1-ethyl-3-methylimidazolium ethyl sulfate,345.65,2500.0
7.1018407027,7.10161014108,1-ethyl-3-methylimidazolium ethyl sulfate,313.15,20000.0
7.3537223304,7.31147935722,1-ethyl-3-methylimidazolium bis[(trifluoromethyl)sulfonyl]imide,318.15,101.0
7.14708709049,7.14506956402,1-ethyl-3-methylimidazolium thiocyanate,303.15,101.325
7.27045205524,7.27695174626,1-ethyl-3-methylimidazolium bis[(trifluoromethyl)sulfonyl]imide,278.15,101.325
7.31455283232,7.31795019295,1-ethyl-3-methylimidazolium methylsulfate,353.15,15000.0
7.22497188154,7.21502662302,1-ethyl-3-methylimidazolium ethyl sulfate,363.15,10010.0
7.11890721744,7.12218606756,1-ethyl-3-methylimidazolium ethyl sulfate,323.15,35000.0
7.12668195175,7.10320543679,1-ethyl-3-methylimidazolium ethyl sulfate,348.15,80000.0
7.09464969762,7.09576937248,1-ethyl-3-methylimidazolium tetrafluoroborate,303.15,15000.0
7.09564464008,7.09868806449,1-ethyl-3-methylimidazolium tetrafluoroborate,413.0,110000.0
7.14842435716,7.1510663995,1-ethyl-3-methylimidazolium hexafluorophosphate,452.5,110000.0
7.10734357067,7.10982797443,1-ethyl-3-methylimidazolium ethyl sulfate,414.94,20000.0
7.31926872562,7.32078472561,1-ethyl-3-methylimidazolium bis[(trifluoromethyl)sulfonyl]imide,373.32,10000.0
7.01067281299,7.0114695755,1-ethyl-3-methylimidazolium ethyl sulfate,348.15,101.0
7.10677005872,7.10982797443,1-ethyl-3-methylimidazolium thiocyanate,325.125,18882.0
7.13065880149,7.13061100914,1-ethyl-3-methylimidazolium ethyl sulfate,313.15,101.325
7.12512217752,7.12907888136,1-ethyl-3-methylimidazolium bis[(trifluoromethyl)sulfonyl]imide,343.15,10000.0
7.15172054599,7.15398859813,1-ethyl-3-methylimidazolium tetrafluoroborate,313.15,50000.0
7.10348652269,7.10573689636,1-ethyl-3-methylimidazolium ethyl sulfate,323.15,15000.0
7.12399505398,7.12791005072,1-ethyl-3-methylimidazolium trifluoromethanesulfonate,308.15,101.325
7.1421156855,7.14401757984,1-ethyl-3-methylimidazolium thiocyanate,343.15,101.325
7.12842376986,7.13320556342,1-ethyl-3-methylimidazolium ethyl sulfate,298.15,10000.0
7.11769200281,7.12152074605,1-ethyl-3-methylimidazolium tetrafluoroborate,298.146,61191.0
7.12000773706,7.12297786824,1-ethyl-3-methylimidazolium ethyl sulfate,318.15,5000.0
7.11801620447,7.12291773417,1-ethyl-3-methylimidazolium ethyl sulfate,298.15,101.325
7.15991379536,7.15691068279,1-ethyl-3-methylimidazolium bis[(trifluoromethyl)sulfonyl]imide,342.49,101.325
7.31594334314,7.31853463267,1-ethyl-3-methylimidazolium tetrafluoroborate,293.15,101.325
7.02260067065,7.02553168406,1-ethyl-3-methylimidazolium ethyl sulfate,363.15,14990.0
7.31873846777,7.32068537086,1-ethyl-3-methylimidazolium ethyl sulfate,328.15,101.325
7.1470713473,7.12599858605,1-ethyl-3-methylimidazolium ethyl sulfate,313.15,25000.0
7.3025638069,7.3061737325,1-ethyl-3-methylimidazolium bis[(trifluoromethyl)sulfonyl]imide,352.31,10000.0
7.16216491217,7.16447290918,1-ethyl-3-methylimidazolium tetrafluoroborate,313.15,101.325
7.16394668434,7.13944069972,1-ethyl-3-methylimidazolium ethyl sulfate,313.15,101.325
7.10922565461,7.11275017305,1-ethyl-3-methylimidazolium trifluoromethanesulfonate,318.15,101.325
7.14219479004,7.11898530935,1-ethyl-3-methylimidazolium ethyl sulfate,298.15,35000.0
7.37525577801,7.34420783536,1-ethyl-3-methylimidazolium bis[(trifluoromethyl)sulfonyl]imide,318.15,101.325
7.35058039585,7.347034717,1-ethyl-3-methylimidazolium methylsulfate,298.15,30000.0
7.08723948096,7.08758368531,1-ethyl-3-methylimidazolium methylsulfate,333.15,101.325
7.35883089834,7.3184925851,1-ethyl-3-methylimidazolium tetrafluoroborate,343.05,101.325
7.11862379942,7.12151676892,1-ethyl-3-methylimidazolium ethyl sulfate,293.15,101.325
7.21604847534,7.21213318176,1-ethyl-3-methylimidazolium ethyl sulfate,333.13,89997.0
7.14654380692,7.12541414633,1-ethyl-3-methylimidazolium thiocyanate,298.15,6000.0
7.09663859361,7.09813917994,1-ethyl-3-methylimidazolium tetrafluoroborate,472.4,20000.0
6.97588110803,6.98964166562,1-ethyl-3-methylimidazolium acetate,313.15,101.325
7.36707705988,7.33251904087,1-ethyl-3-methylimidazolium ethyl sulfate,315.65,101.325
7.15851399733,7.16128761506,1-ethyl-3-methylimidazolium ethyl sulfate,353.15,20000.0
7.00142775484,7.01010874477,1-ethyl-3-methylimidazolium bis[(trifluoromethyl)sulfonyl]imide,313.0,101.325
7.02473799447,7.02714051979,1-ethyl-3-methylimidazolium hexafluorophosphate,452.5,200000.0
7.35883089834,7.35460138503,1-ethyl-3-methylimidazolium trifluoromethanesulfonate,323.15,30000.0
7.1557865458,7.1555066687,1-ethyl-3-methylimidazolium trifluoromethanesulfonate,308.15,101.325
7.1078348907,7.10982797443,1-ethyl-3-methylimidazolium bis[(trifluoromethyl)sulfonyl]imide,283.19,1750.0
7.13815245901,7.11606311073,1-ethyl-3-methylimidazolium methylsulfate,356.15,101.325
7.23986085274,7.22439507229,1-ethyl-3-methylimidazolium ethyl sulfate,298.16,79619.0
7.15226885603,7.1539881335,1-ethyl-3-methylimidazolium ethyl sulfate,413.13,19924.0
7.25240824769,7.23825810208,1-ethyl-3-methylimidazolium ethyl sulfate,393.15,25000.0
7.12343101545,7.12736070154,1-ethyl-3-methylimidazolium hexafluorophosphate,332.7,190000.0
7.31634882176,7.31850950014,1-ethyl-3-methylimidazolium bis[(trifluoromethyl)sulfonyl]imide,293.15,3000.0
7.27924986752,7.28616787193,1-ethyl-3-methylimidazolium methanesulfonate,323.15,101.325
7.13854948923,7.13713466431,1-ethyl-3-methylimidazolium ethyl sulfate,373.15,54990.0
7.13153862558,7.13667664659,1-ethyl-3-methylimidazolium acetate,338.15,101.0
7.29213293476,7.29668186936,1-ethyl-3-methylimidazolium methanesulfonate,288.15,101.325
7.06390396147,7.05617640771,1-ethyl-3-methylimidazolium methanesulfonate,298.15,101.325
7.02527161241,7.02845388269,1-ethyl-3-methylimidazolium acetate,293.15,101.325
7.09014350022,7.08785135069,1-ethyl-3-methylimidazolium tetrafluoroborate,318.36,19918.0
7.16587979919,7.16447290918,1-ethyl-3-methylimidazolium methylsulfate,393.15,15000.0
7.13393421884,7.13645540639,1-ethyl-3-methylimidazolium ethyl sulfate,393.12,59389.0
7.12415614943,7.12291773417,1-ethyl-3-methylimidazolium acetate,313.15,101.325
7.11834030105,7.12031473505,1-ethyl-3-methylimidazolium trifluoromethanesulfonate,278.15,101.325
7.10455485496,7.10690577581,1-ethyl-3-methylimidazolium methanesulfonate,353.15,101.325
6.99768738648,7.00424681433,1-ethyl-3-methylimidazolium ethyl sulfate,290.66,101.325
7.11476944837,7.11412191631,1-ethyl-3-methylimidazolium acetate,318.15,101.0
7.15007380968,7.15281960471,1-ethyl-3-methylimidazolium ethyl sulfate,308.15,101.325
7.13169851047,7.12832511696,1-ethyl-3-methylimidazolium ethyl sulfate,303.15,101.325
7.23883442758,7.2267446395,1-ethyl-3-methylimidazolium tetrafluoroborate,340.39,50227.0
7.10902942869,7.11128907374,1-ethyl-3-methylimidazolium bis[(trifluoromethyl)sulfonyl]imide,303.95,101.325
7.13377469104,7.1395987842,1-ethyl-3-methylimidazolium hexafluorophosphate,412.9,10000.0
7.08815832995,7.08583037834,1-ethyl-3-methylimidazolium trifluoromethanesulfonate,288.15,101.325
7.11420018067,7.11729254717,1-ethyl-3-methylimidazolium tetrafluoroborate,293.15,101.0
7.13345555908,7.13061089518,1-ethyl-3-methylimidazolium ethyl sulfate,353.15,10000.0
7.34342622915,7.29160862625,1-ethyl-3-methylimidazolium trifluoromethanesulfonate,353.15,4000.0
7.11004284842,7.10982797443,1-ethyl-3-methylimidazolium ethyl sulfate,348.15,100000.0
7.23935853849,7.22325211856,1-ethyl-3-methylimidazolium ethyl sulfate,353.13,79974.0
7.28961052145,7.30084238338,1-ethyl-3-methylimidazolium trifluoromethanesulfonate,323.15,35000.0
7.02054810646,7.0224570472,1-ethyl-3-methylimidazolium acetate,328.15,101.325
7.16425623395,7.16604426044,1-ethyl-3-methylimidazolium thiocyanate,318.848,1162.8
7.1236727852,7.12736116617,1-ethyl-3-methylimidazolium bis[(trifluoromethyl)sulfonyl]imide,313.15,20000.0
7.33908304662,7.33705347094,1-ethyl-3-methylimidazolium ethyl sulfate,328.15,30000.0
7.0074196021,7.00799849232,1-ethyl-3-methylimidazolium ethyl sulfate,298.15,2500.0
7.11452551618,7.11858954708,1-ethyl-3-methylimidazolium bis[(trifluoromethyl)sulfonyl]imide,343.15,1000.0
7.35819375273,7.31025220465,1-ethyl-3-methylimidazolium hexafluorophosphate,352.7,120000.0
7.2464393534,7.25869338244,1-ethyl-3-methylimidazolium ethyl sulfate,343.15,45000.0
7.24843294609,7.23484990595,1-ethyl-3-methylimidazolium ethyl sulfate,303.15,500.0
7.32531363478,7.32662912286,1-ethyl-3-methylimidazolium ethyl sulfate,308.15,101.325
7.10698311584,7.1098275098,1-ethyl-3-methylimidazolium bis[(trifluoromethyl)sulfonyl]imide,293.15,101.325
7.1089803662,7.1115812936,1-ethyl-3-methylimidazolium ethyl sulfate,293.15,500.0
7.10244174095,7.10540908471,1-ethyl-3-methylimidazolium bis[(trifluoromethyl)sulfonyl]imide,353.15,4000.0
7.1236727852,7.12732551337,1-ethyl-3-methylimidazolium methylsulfate,363.15,101.325
7.11502144913,7.11943569302,1-ethyl-3-methylimidazolium methylsulfate,393.15,25000.0
7.15695636462,7.13589849399,1-ethyl-3-methylimidazolium ethyl sulfate,333.15,101.325
7.12252789155,7.12732557439,1-ethyl-3-methylimidazolium ethyl sulfate,343.15,24990.0
7.33537971232,7.33539571873,1-ethyl-3-methylimidazolium bis[(trifluoromethyl)sulfonyl]imide,283.2,40033.0
7.10085190894,7.10398241123,1-ethyl-3-methylimidazolium ethyl sulfate,283.15,30000.0
7.29254137588,7.29740713663,1-ethyl-3-methylimidazolium thiocyanate,317.832,19821.0
7.27510306498,7.28301776378,1-ethyl-3-methylimidazolium ethyl sulfate,301.15,101.325
7.15461535691,7.15691079675,1-ethyl-3-methylimidazolium trifluoromethanesulfonate,323.15,1000.0
7.09650612354,7.09985695614,1-ethyl-3-methylimidazolium ethyl sulfate,295.65,10000.0
7.11801620447,7.10763585308,1-ethyl-3-methylimidazolium trifluoromethanesulfonate,293.15,101.325
7.16386928197,7.16190143297,1-ethyl-3-methylimidazolium ethyl sulfate,373.15,7500.0
7.11834030105,7.12151676892,1-ethyl-3-methylimidazolium bis[(trifluoromethyl)sulfonyl]imide,343.15,101.325
7.11890721744,7.12147351842,1-ethyl-3-methylimidazolium trifluoromethanesulfonate,313.15,100.0
7.01427512236,7.01676508819,1-ethyl-3-methylimidazolium ethyl sulfate,298.15,101.325
7.12141399109,7.11999553554,1-ethyl-3-methylimidazolium bis[(trifluoromethyl)sulfonyl]imide,313.15,101.325
7.16881099537,7.17011536768,1-ethyl-3-methylimidazolium ethyl sulfate,288.15,20000.0
7.20852631598,7.20044473793,1-ethyl-3-methylimidazolium ethyl sulfate,328.15,101.325
7.11192801695,7.11122893967,1-ethyl-3-methylimidazolium ethyl sulfate,303.2,101.325
7.10636020585,7.10979875244,1-ethyl-3-methylimidazolium ethyl sulfate,283.15,10000.0
6.98868989648,6.98754310196,1-ethyl-3-methylimidazolium ethyl sulfate,298.13,19821.0
7.11101443966,7.11446788824,1-ethyl-3-methylimidazolium tetrafluoroborate,298.14,101.325
7.18037447376,7.18025273294,1-ethyl-3-methylimidazolium methylsulfate,313.15,5000.0
7.12407560495,7.1271425799,1-ethyl-3-methylimidazolium ethyl sulfate,333.15,100.0
7.10455485496,7.10690577581,1-ethyl-3-methylimidazolium trifluoromethanesulfonate,298.15,101.325
7.00922824791,7.0118792535,1-ethyl-3-methylimidazolium tetrafluoroborate,303.15,25000.0
7.01696836396,7.01958381951,1-ethyl-3-methylimidazolium ethyl sulfate,313.15,120354.0
7.10002716663,7.09010278337,1-ethyl-3-methylimidazolium ethyl sulfate,330.65,30000.0
7.11752175485,7.12151676892,1-ethyl-3-methylimidazolium ethyl sulfate,350.65,10000.0
6.9817861053,6.99548606286,1-ethyl-3-methylimidazolium bis[(trifluoromethyl)sulfonyl]imide,308.15,101.325
7.1123437445,7.11592898755,1-ethyl-3-methylimidazolium tetrafluoroborate,293.15,20000.0
7.08263252889,7.08352818682,1-ethyl-3-methylimidazolium hexafluorophosphate,372.8,30000.0
7.09489852606,7.09459691319,1-ethyl-3-methylimidazolium ethyl sulfate,313.14,4705.0
7.11725416378,7.12006151401,1-ethyl-3-methylimidazolium bis[(trifluoromethyl)sulfonyl]imide,323.15,20000.0
7.12769369935,7.12889192166,1-ethyl-3-methylimidazolium ethyl sulfate,283.15,49963.0
7.1456692092,7.14814420088,1-ethyl-3-methylimidazolium ethyl sulfate,333.15,121234.0
7.14873874842,7.1510663995,1-ethyl-3-methylimidazolium ethyl sulfate,298.15,101.325
7.13878763172,7.1450482757,1-ethyl-3-methylimidazolium bis[(trifluoromethyl)sulfonyl]imide,333.15,101.325
7.28276117961,7.29499810817,1-ethyl-3-methylimidazolium tetrafluoroborate,472.4,110000.0
7.10241704786,7.10453246174,1-ethyl-3-methylimidazolium ethyl sulfate,293.15,4990.0
7.12260856078,7.12736116617,1-ethyl-3-methylimidazolium acetate,303.15,101.0
7.16626597413,7.1650573245,1-ethyl-3-methylimidazolium ethyl sulfate,338.15,20000.0
7.04873387224,7.04725387431,1-ethyl-3-methylimidazolium trifluoromethanesulfonate,308.2,101.325
7.1078348907,7.10538454243,1-ethyl-3-methylimidazolium tetrafluoroborate,283.15,6000.0
7.13815245901,7.13752872728,1-ethyl-3-methylimidazolium ethyl sulfate,283.15,69986.0
7.13161857122,7.13672514964,1-ethyl-3-methylimidazolium hexafluorophosphate,432.6,130000.0
7.09854091419,7.09810352714,1-ethyl-3-methylimidazolium tetrafluoroborate,293.15,101.325
7.28742383205,7.2897138774,1-ethyl-3-methylimidazolium tetrafluoroborate,303.15,100.0
7.12865631774,7.13317365104,1-ethyl-3-methylimidazolium methylsulfate,298.15,35000.0
6.99686445405,6.99655469618,1-ethyl-3-methylimidazolium trifluoromethanesulfonate,330.678,40501.0
7.31568401653,7.31786252699,1-ethyl-3-methylimidazolium ethyl sulfate,338.15,35000.0
7.1308988303,7.13550769392,1-ethyl-3-methylimidazolium tetrafluoroborate,318.367,50094.0
7.1218984481,7.10083211051,1-ethyl-3-methylimidazolium ethyl sulfate,353.15,2500.0
7.11863189819,7.12151676892,1-ethyl-3-methylimidazolium ethyl sulfate,308.15,10000.0
7.12616765592,7.13028325083,1-ethyl-3-methylimidazolium methanesulfonate,333.15,101.325
7.01121398735,7.0247080491,1-ethyl-3-methylimidazolium methanesulfonate,308.15,101.325
7.10578612948,7.10273115973,1-ethyl-3-methylimidazolium hexafluorophosphate,412.9,100000.0
7.32448997935,7.32665834485,1-ethyl-3-methylimidazolium bis[(trifluoromethyl)sulfonyl]imide,293.15,101.325
7.09041011357,7.09229478269,1-ethyl-3-methylimidazolium hexafluorophosphate,432.6,180000.0
7.22168972258,7.20908287102,1-ethyl-3-methylimidazolium methylsulfate,393.15,5000.0
7.10693395284,7.10570135339,1-ethyl-3-methylimidazolium trifluoromethanesulfonate,393.15,35000.0
7.11110420297,7.08914331602,1-ethyl-3-methylimidazolium ethyl sulfate,348.15,10000.0
7.16162200294,7.13651850109,1-ethyl-3-methylimidazolium ethyl sulfate,298.15,101.325
7.10085190894,7.10398346322,1-ethyl-3-methylimidazolium hexafluorophosphate,412.9,20000.0
7.18939412789,7.18875559277,1-ethyl-3-methylimidazolium ethyl sulfate,352.33,1000.0
7.13177844332,7.13127292428,1-ethyl-3-methylimidazolium ethyl sulfate,321.15,101.325
7.13225790633,7.13661528073,1-ethyl-3-methylimidazolium ethyl sulfate,373.15,2000.0
7.11671876672,7.11972787017,1-ethyl-3-methylimidazolium ethyl sulfate,303.15,2500.0
7.1483457439,7.12190750798,1-ethyl-3-methylimidazolium ethyl sulfate,343.15,20010.0
7.17311505243,7.17430252868,1-ethyl-3-methylimidazolium tetrafluoroborate,318.372,9976.0
7.00279269432,7.01305432099,1-ethyl-3-methylimidazolium ethyl sulfate,315.65,25000.0
7.31121838442,7.32778503028,1-ethyl-3-methylimidazolium methylsulfate,317.15,101.325
7.17441798421,7.17323950505,1-ethyl-3-methylimidazolium bis[(trifluoromethyl)sulfonyl]imide,363.15,101.325
7.29577577748,7.30100144093,1-ethyl-3-methylimidazolium hexafluorophosphate,352.7,190000.0
7.11598821756,7.11943569302,1-ethyl-3-methylimidazolium tetrafluoroborate,298.147,39935.0
7.13409372119,7.13349229698,1-ethyl-3-methylimidazolium ethyl sulfate,338.15,101.325
7.21781020229,7.2135007612,1-ethyl-3-methylimidazolium bis[(trifluoromethyl)sulfonyl]imide,338.15,101.0
7.15125032654,7.15398859813,1-ethyl-3-methylimidazolium tetrafluoroborate,413.0,150000.0
7.33544491582,7.33539571873,1-ethyl-3-methylimidazolium ethyl sulfate,298.15,58874.0
7.1018407027,7.10398357718,1-ethyl-3-methylimidazolium tetrafluoroborate,288.15,60000.0
7.17548971362,7.18337911936,1-ethyl-3-methylimidazolium bis[(trifluoromethyl)sulfonyl]imide,333.13,80064.0
7.14069073276,7.14085746516,1-ethyl-3-methylimidazolium trifluoromethanesulfonate,293.15,100.0
7.12793444083,7.12615674375,1-ethyl-3-methylimidazolium ethyl sulfate,290.65,100.0
7.08665431897,7.08761926489,1-ethyl-3-methylimidazolium tetrafluoroborate,283.15,50000.0
7.15195557282,7.13067363922,1-ethyl-3-methylimidazolium bis[(trifluoromethyl)sulfonyl]imide,323.15,101.325
7.00197395422,7.00215409508,1-ethyl-3-methylimidazolium bis[(trifluoromethyl)sulfonyl]imide,293.14,99755.0
7.25580311622,7.2413658921,1-ethyl-3-methylimidazolium ethyl sulfate,313.15,80000.0
7.11429779244,7.1185945703,1-ethyl-3-methylimidazolium methylsulfate,353.15,2500.0
7.15342715128,7.13301186275,1-ethyl-3-methylimidazolium hexafluorophosphate,332.7,90000.0
7.36581283721,7.32667476565,1-ethyl-3-methylimidazolium ethyl sulfate,313.16,99450.0
7.10120633912,7.1048246999,1-ethyl-3-methylimidazolium ethyl sulfate,345.65,5000.0
7.15477159471,7.15687520497,1-ethyl-3-methylimidazolium ethyl sulfate,333.12,79184.0
7.05763972852,7.05722793458,1-ethyl-3-methylimidazolium ethyl sulfate,325.65,5000.0
7.10348652269,7.10570135339,1-ethyl-3-methylimidazolium ethyl sulfate,322.31,5000.0
7.09099308256,7.09229478269,1-ethyl-3-methylimidazolium bis[(trifluoromethyl)sulfonyl]imide,298.15,101.325
7.09953199455,7.09751917284,1-ethyl-3-methylimidazolium methylsulfate,323.15,101.325
7.02117324602,7.02260948544,1-ethyl-3-methylimidazolium ethyl sulfate,320.64,101.325
7.32876559843,7.32976171978,1-ethyl-3-methylimidazolium thiocyanate,308.15,600.0
7.1260872733,7.12583993279,1-ethyl-3-methylimidazolium tetrafluoroborate,323.15,15000.0
7.12673015342,7.13083218833,1-ethyl-3-methylimidazolium tetrafluoroborate,413.0,180000.0
7.12072727497,7.12528009027,1-ethyl-3-methylimidazolium hexafluorophosphate,312.8,70000.0
7.01301578964,7.01562237013,1-ethyl-3-methylimidazolium hexafluorophosphate,372.8,10000.0
7.22635445407,7.21505584501,1-ethyl-3-methylimidazolium bis[(trifluoromethyl)sulfonyl]imide,308.15,101.325
7.0656133636,7.06631012571,1-ethyl-3-methylimidazolium ethyl sulfate,373.36,40000.0
7.09619143678,7.09898027215,1-ethyl-3-methylimidazolium tetrafluoroborate,343.15,101.325
7.33302301439,7.33288262791,1-ethyl-3-methylimidazolium hexafluorophosphate,452.5,50000.0
7.15750181209,7.15691068279,1-ethyl-3-methylimidazolium thiocyanate,338.15,300.0
7.23633934275,7.24152192218,1-ethyl-3-methylimidazolium ethyl sulfate,320.65,15000.0
7.08581777886,7.08582687173,1-ethyl-3-methylimidazolium trifluoromethanesulfonate,291.917,41361.0
7.09307234476,7.09342457595,1-ethyl-3-methylimidazolium trifluoromethanesulfonate,300.18,1687.5
7.02331361962,7.02604790843,1-ethyl-3-methylimidazolium hexafluorophosphate,352.7,90000.0
7.09806153968,7.10073357912,1-ethyl-3-methylimidazolium trifluoromethanesulfonate,343.15,101.325
7.16703787691,7.15986221736,1-ethyl-3-methylimidazolium ethyl sulfate,393.15,60000.0
7.10027466075,7.09985332749,1-ethyl-3-methylimidazolium hexafluorophosphate,472.4,100000.0
7.16425623395,7.16330395651,1-ethyl-3-methylimidazolium ethyl sulfate,293.15,101.325
7.02402606065,7.02553168406,1-ethyl-3-methylimidazolium bis[(trifluoromethyl)sulfonyl]imide,288.15,101.325
7.10463698711,7.10429917463,1-ethyl-3-methylimidazolium methylsulfate,313.15,101.0
7.29213293476,7.29740713663,1-ethyl-3-methylimidazolium ethyl sulfate,352.15,101.325
7.31288699819,7.31598598668,1-ethyl-3-methylimidazolium ethyl sulfate,340.65,25000.0
7.33367639566,7.33214575117,1-ethyl-3-methylimidazolium ethyl sulfate,310.64,101.325
7.12721204244,7.13141666466,1-ethyl-3-methylimidazolium trifluoromethanesulfonate,322.294,30090.0
6.99942246751,7.00425265873,1-ethyl-3-methylimidazolium acetate,335.05,101.325
7.23705902612,7.22392764003,1-ethyl-3-methylimidazolium ethyl sulfate,283.15,59714.0
7.10348652269,7.1045288941,1-ethyl-3-methylimidazolium ethyl sulfate,353.15,101.325
7.32563632271,7.32662912286,1-ethyl-3-methylimidazolium hexafluorophosphate,432.6,80000.0
7.14748058989,7.1248297066,1-ethyl-3-methylimidazolium acetate,323.15,101.0
7.00551699676,7.01886365185,1-ethyl-3-methylimidazolium bis[(trifluoromethyl)sulfonyl]imide,333.15,101.325
7.33236920593,7.33126909769,1-ethyl-3-methylimidazolium tetrafluoroborate,293.15,12000.0
7.11801620447,7.09447418085,1-ethyl-3-methylimidazolium ethyl sulfate,298.15,101.325
7.30498658216,7.30799588883,1-ethyl-3-methylimidazolium methylsulfate,313.15,30000.0
7.09115958273,7.09167126898,1-ethyl-3-methylimidazolium ethyl sulfate,298.13,29997.0
7.10603220257,7.10862355201,1-ethyl-3-methylimidazolium tetrafluoroborate,303.15,40000.0
7.15266032208,7.14814420088,1-ethyl-3-methylimidazolium ethyl sulfate,393.15,24990.0
7.16169957945,7.14028182244,1-ethyl-3-methylimidazolium ethyl sulfate,308.15,100.0
7.11332124576,7.11709787921,1-ethyl-3-methylimidazolium methylsulfate,311.15,101.325
7.00415577327,7.01594145323,1-ethyl-3-methylimidazolium methanesulfonate,353.2,101.325
7.10840779246,7.11099685388,1-ethyl-3-methylimidazolium ethyl sulfate,343.15,4990.0
7.33419879348,7.33181733386,1-ethyl-3-methylimidazolium ethyl sulfate,285.65,20000.0
7.11493203677,7.11567237168,1-ethyl-3-methylimidazolium trifluoromethanesulfonate,353.15,30000.0
7.11720550316,7.11429866119,1-ethyl-3-methylimidazolium ethyl sulfate,353.15,5000.0
7.10881680715,7.1109612743,1-ethyl-3-methylimidazolium ethyl sulfate,323.15,101.325
7.1078348907,7.11066909715,1-ethyl-3-methylimidazolium tetrafluoroborate,313.15,5000.0
7.12528309151,7.12748927609,1-ethyl-3-methylimidazolium ethyl sulfate,353.14,139892.0
7.11102260029,7.11446788824,1-ethyl-3-methylimidazolium ethyl sulfate,373.13,109856.0
7.15461535691,7.15691079675,1-ethyl-3-methylimidazolium tetrafluoroborate,355.847,20035.0
7.10586816057,7.10920796733,1-ethyl-3-methylimidazolium ethyl sulfate,310.15,101.325
6.98804411021,6.99548021847,1-ethyl-3-methylimidazolium tetrafluoroborate,352.7,10000.0
7.07893162467,7.07472593815,1-ethyl-3-methylimidazolium ethyl sulfate,283.15,30000.0
7.30941314875,7.31201812974,1-ethyl-3-methylimidazolium ethyl sulfate,398.15,100.0
7.30242903601,7.30626139845,1-ethyl-3-methylimidazolium ethyl sulfate,393.15,2000.0
7.10192305806,7.10161014108,1-ethyl-3-methylimidazolium ethyl sulfate,333.15,30000.0
7.35736485607,7.35291195438,1-ethyl-3-methylimidazolium ethyl sulfate,293.14,123824.0
7.11208291604,7.11213033356,1-ethyl-3-methylimidazolium bis[(trifluoromethyl)sulfonyl]imide,353.15,2000.0
7.13544846499,7.13959884522,1-ethyl-3-methylimidazolium ethyl sulfate,363.15,101.325
7.1884127365,7.19986036841,1-ethyl-3-methylimidazolium ethyl sulfate,398.15,100000.0
7.09090982208,7.09243458262,1-ethyl-3-methylimidazolium trifluoromethanesulfonate,298.15,101.325
7.3258075026,7.32662912286,1-ethyl-3-methylimidazolium trifluoromethanesulfonate,328.15,101.325
7.09531310257,7.09459843281,1-ethyl-3-methylimidazolium ethyl sulfate,325.65,2500.0
7.11558212618,7.1185945703,1-ethyl-3-methylimidazolium ethyl sulfate,313.14,60122.0
7.1594474137,7.17287047241,1-ethyl-3-methylimidazolium ethyl sulfate,283.15,5000.0
7.37337430991,7.37040318348,1-ethyl-3-methylimidazolium bis[(trifluoromethyl)sulfonyl]imide,312.64,101.325
7.11501332107,7.11738651923,1-ethyl-3-methylimidazolium methylsulfate,293.15,7500.0
7.12133322543,7.12379551689,1-ethyl-3-methylimidazolium ethyl sulfate,373.17,79962.0
7.15250375405,7.1520482128,1-ethyl-3-methylimidazolium tetrafluoroborate,452.6,130000.0
7.12568526324,7.12882810988,1-ethyl-3-methylimidazolium trifluoromethanesulfonate,332.94,101.325
7.09615830609,7.09959981462,1-ethyl-3-methylimidazolium trifluoromethanesulfonate,348.1,101.325
7.14921015007,7.14729043986,1-ethyl-3-methylimidazolium bis[(trifluoromethyl)sulfonyl]imide,283.0,101.325
7.10175834055,7.10398311256,1-ethyl-3-methylimidazolium ethyl sulfate,328.15,35000.0
7.12044437239,7.12183236637,1-ethyl-3-methylimidazolium methanesulfonate,323.2,101.325
7.15796910182,7.15983299537,1-ethyl-3-methylimidazolium bis[(trifluoromethyl)sulfonyl]imide,343.15,101.325
7.31588350451,7.31786252699,1-ethyl-3-methylimidazolium ethyl sulfate,328.15,101.325
7.32446361117,7.32662900889,1-ethyl-3-methylimidazolium trifluoromethanesulfonate,358.15,101.325
7.15617663748,7.15859928995,1-ethyl-3-methylimidazolium methanesulfonate,343.15,101.325
7.13489085157,7.13612776204,1-ethyl-3-methylimidazolium ethyl sulfate,373.13,39971.0
7.26283895753,7.2721944069,1-ethyl-3-methylimidazolium trifluoromethanesulfonate,318.15,101.325
7.12036352838,7.12203464791,1-ethyl-3-methylimidazolium tetrafluoroborate,308.15,101.325
7.32198189276,7.32398161091,1-ethyl-3-methylimidazolium tetrafluoroborate,278.15,101.325
7.11476944837,7.1141511383,1-ethyl-3-methylimidazolium methanesulfonate,308.15,101.325
7.12092929926,7.12443896755,1-ethyl-3-methylimidazolium trifluoromethanesulfonate,393.15,7500.0
7.36644514833,7.32427866041,1-ethyl-3-methylimidazolium thiocyanate,288.15,101.325
7.30907848792,7.31190708619,1-ethyl-3-methylimidazolium ethyl sulfate,303.15,10000.0
7.14282740116,7.13937760501,1-ethyl-3-methylimidazolium bis[(trifluoromethyl)sulfonyl]imide,391.31,20000.0
7.11801620447,7.1215163043,1-ethyl-3-methylimidazolium ethyl sulfate,293.15,101.325
7.10588456598,7.1098275098,1-ethyl-3-methylimidazolium ethyl sulfate,413.17,39896.0
7.08757370556,7.07958294155,1-ethyl-3-methylimidazolium bis[(trifluoromethyl)sulfonyl]imide,353.15,100.0
7.21421003676,7.20336705052,1-ethyl-3-methylimidazolium tetrafluoroborate,313.15,12000.0
7.0083243339,7.02178585047,1-ethyl-3-methylimidazolium ethyl sulfate,348.15,20000.0
7.13361513779,7.11252090501,1-ethyl-3-methylimidazolium acetate,308.15,101.325
7.11450925192,7.11712762659,1-ethyl-3-methylimidazolium ethyl sulfate,398.15,40000.0
7.13283295866,7.13842995356,1-ethyl-3-methylimidazolium bis[(trifluoromethyl)sulfonyl]imide,313.15,2000.0
7.12828742354,7.13346224031,1-ethyl-3-methylimidazolium ethyl sulfate,323.15,101.325
7.26473017793,7.27391218311,1-ethyl-3-methylimidazolium bis[(trifluoromethyl)sulfonyl]imide,353.19,39951.0
6.97194999102,6.98379726837,1-ethyl-3-methylimidazolium ethyl sulfate,298.15,101.325
7.22271199357,7.21735803653,1-ethyl-3-methylimidazolium ethyl sulfate,338.15,100.0
7.11306067217,7.11563677989,1-ethyl-3-methylimidazolium hexafluorophosphate,312.8,140000.0
7.13767581458,7.14368987447,1-ethyl-3-methylimidazolium methylsulfate,298.15,20000.0
7.16472037877,7.16830084294,1-ethyl-3-methylimidazolium bis[(trifluoromethyl)sulfonyl]imide,298.1,101.325
7.3537223304,7.30323897677,1-ethyl-3-methylimidazolium ethyl sulfate,298.15,60000.0
7.10356874262,7.10512038367,1-ethyl-3-methylimidazolium tetrafluoroborate,432.9,50000.0
7.10225241171,7.09954014518,1-ethyl-3-methylimidazolium tetrafluoroborate,332.6,50000.0
7.00106345612,7.01301914064,1-ethyl-3-methylimidazolium bis[(trifluoromethyl)sulfonyl]imide,343.15,30000.0
7.11615060795,7.11914696147,1-ethyl-3-methylimidazolium hexafluorophosphate,472.4,110000.0
7.11963563802,7.12323454513,1-ethyl-3-methylimidazolium bis[(trifluoromethyl)sulfonyl]imide,298.15,101.325
7.10174186731,7.10544421187,1-ethyl-3-methylimidazolium ethyl sulfate,333.15,2500.0
7.23273313618,7.22090012829,1-ethyl-3-methylimidazolium ethyl sulfate,353.14,89917.0
7.1015112134,7.09927247981,1-ethyl-3-methylimidazolium bis[(trifluoromethyl)sulfonyl]imide,293.15,20000.0
7.1444861038,7.15231690192,1-ethyl-3-methylimidazolium ethyl sulfate,413.17,49998.0
7.12125245324,7.12443896755,1-ethyl-3-methylimidazolium bis[(trifluoromethyl)sulfonyl]imide,303.0,101.325
7.11842130879,7.12148111612,1-ethyl-3-methylimidazolium acetate,298.15,101.0
7.12020182075,7.12443896755,1-ethyl-3-methylimidazolium ethyl sulfate,345.65,100.0
7.32409438364,7.32662912286,1-ethyl-3-methylimidazolium bis[(trifluoromethyl)sulfonyl]imide,313.15,101.325
7.13313632524,7.13842995356,1-ethyl-3-methylimidazolium trifluoromethanesulfonate,291.916,10046.0
7.14179920476,7.1434331035,1-ethyl-3-methylimidazolium ethyl sulfate,285.65,2500.0
7.13009851013,7.13491971097,1-ethyl-3-methylimidazolium ethyl sulfate,313.15,101.325
7.00106345612,7.01594145323,1-ethyl-3-methylimidazolium ethyl sulfate,303.15,30000.0
7.1268908089,7.12583993279,1-ethyl-3-methylimidazolium ethyl sulfate,295.15,101.325
7.1544903491,7.1341807422,1-ethyl-3-methylimidazolium ethyl sulfate,288.15,25000.0
7.11314210871,7.10518130386,1-ethyl-3-methylimidazolium methylsulfate,373.15,25000.0
7.15804696222,7.16038181891,1-ethyl-3-methylimidazolium bis[(trifluoromethyl)sulfonyl]imide,293.15,101.325
7.12410782352,7.12735532177,1-ethyl-3-methylimidazolium acetate,363.15,101.325
7.1600692076,7.16210590389,1-ethyl-3-methylimidazolium ethyl sulfate,320.65,101.325
7.13823187766,7.14368987447,1-ethyl-3-methylimidazolium bis[(trifluoromethyl)sulfonyl]imide,373.16,49997.0
7.09639019783,7.09751917284,1-ethyl-3-methylimidazolium ethyl sulfate,330.65,35000.0
7.15391198461,7.13359618851,1-ethyl-3-methylimidazolium bis[(trifluoromethyl)sulfonyl]imide,414.92,40000.0
7.15258204113,7.15430372876,1-ethyl-3-methylimidazolium ethyl sulfate,303.15,40000.0
7.31394678986,7.3167813135,1-ethyl-3-methylimidazolium ethyl sulfate,353.15,101.325
7.0958932211,7.09813917994,1-ethyl-3-methylimidazolium tetrafluoroborate,298.15,101.3
7.16973485408,7.16774583022,1-ethyl-3-methylimidazolium methylsulfate,298.15,101.325
7.14432825061,7.14781655653,1-ethyl-3-methylimidazolium tetrafluoroborate,325.659,18720.0
7.09190849061,7.09229478269,1-ethyl-3-methylimidazolium bis[(trifluoromethyl)sulfonyl]imide,352.98,101.325
7.145196135,7.14229980363,1-ethyl-3-methylimidazolium thiocyanate,339.87,39160.0
7.1542246556,7.15320425425,1-ethyl-3-methylimidazolium ethyl sulfate,308.15,5000.0
7.15070145759,7.1488099929,1-ethyl-3-methylimidazolium hexafluorophosphate,392.9,120000.0
7.22788033992,7.21499155664,1-ethyl-3-methylimidazolium tetrafluoroborate,313.2,180000.0
7.11045936026,7.11446794926,1-ethyl-3-methylimidazolium ethyl sulfate,298.15,101.325
7.329356169,7.32955132148,1-ethyl-3-methylimidazolium methanesulfonate,283.15,101.325
7.30249642373,7.30719018591,1-ethyl-3-methylimidazolium tetrafluoroborate,313.15,101.325
7.097805228,7.10106137856,1-ethyl-3-methylimidazolium bis[(trifluoromethyl)sulfonyl]imide,298.15,101.325
7.26080365487,7.24677726914,1-ethyl-3-methylimidazolium acetate,288.15,101.0
7.15062302314,7.14522188829,1-ethyl-3-methylimidazolium ethyl sulfate,353.15,101.325
7.1557865458,7.15383615989,1-ethyl-3-methylimidazolium trifluoromethanesulfonate,308.15,101.325
7.10027466075,7.10219467843,1-ethyl-3-methylimidazolium ethyl sulfate,318.15,101.0
7.31468597925,7.31786206236,1-ethyl-3-methylimidazolium thiocyanate,303.15,101.325
7.14842435716,7.1510663995,1-ethyl-3-methylimidazolium tetrafluoroborate,432.9,60000.0
7.00124562207,7.00215409508,1-ethyl-3-methylimidazolium tetrafluoroborate,432.9,90000.0
7.11728660288,7.1215117457,1-ethyl-3-methylimidazolium ethyl sulfate,298.15,101.0
7.11728660288,7.12151665496,1-ethyl-3-methylimidazolium ethyl sulfate,318.2,101.325
7.08229664846,7.07998592008,1-ethyl-3-methylimidazolium tetrafluoroborate,308.15,10000.0
7.1192553068,7.12352669177,1-ethyl-3-methylimidazolium ethyl sulfate,338.15,100.0
7.15132871181,7.14927750075,1-ethyl-3-methylimidazolium thiocyanate,348.15,101.325
7.00279269432,7.01594145323,1-ethyl-3-methylimidazolium ethyl sulfate,298.15,30000.0
7.33563398193,7.33358671434,1-ethyl-3-methylimidazolium hexafluorophosphate,432.6,50000.0
7.11689726426,7.12118896948,1-ethyl-3-methylimidazolium acetate,323.15,101.325
7.11834030105,7.12156890351,1-ethyl-3-methylimidazolium ethyl sulfate,293.15,101.325
7.22766249873,7.24473656033,1-ethyl-3-methylimidazolium ethyl sulfate,308.15,101.325
7.12512217752,7.12966329667,1-ethyl-3-methylimidazolium ethyl sulfate,335.65,25000.0
7.29912146271,7.31375857452,1-ethyl-3-methylimidazolium ethyl sulfate,293.16,101.325
7.3253729118,7.32662912286,1-ethyl-3-methylimidazolium ethyl sulfate,300.15,101.325
7.15711223711,7.15523880547,1-ethyl-3-methylimidazolium ethyl sulfate,293.15,30000.0
7.09381982205,7.08875028994,1-ethyl-3-methylimidazolium ethyl sulfate,343.15,14990.0
7.15662115645,7.13651850109,1-ethyl-3-methylimidazolium bis[(trifluoromethyl)sulfonyl]imide,293.15,101.325
7.37713371283,7.36581856516,1-ethyl-3-methylimidazolium methanesulfonate,308.15,101.325
7.10611421347,7.10803907568,1-ethyl-3-methylimidazolium bis[(trifluoromethyl)sulfonyl]imide,352.32,101.325
6.99850964225,7.0130192546,1-ethyl-3-methylimidazolium hexafluorophosphate,312.8,180000.0
7.12391449652,7.12736116617,1-ethyl-3-methylimidazolium tetrafluoroborate,413.0,120000.0
7.11533839218,7.11797450218,1-ethyl-3-methylimidazolium acetate,328.14,101.325
7.15391198461,7.15570637433,1-ethyl-3-methylimidazolium ethyl sulfate,433.15,40000.0
7.22037383672,7.23672971169,1-ethyl-3-methylimidazolium ethyl sulfate,323.15,30010.0
7.25417784646,7.26016550058,1-ethyl-3-methylimidazolium methylsulfate,293.15,101.325
7.21391557268,7.20976033231,1-ethyl-3-methylimidazolium methanesulfonate,353.15,101.325
7.1078348907,7.11037685898,1-ethyl-3-methylimidazolium hexafluorophosphate,332.7,200000.0
7.13409372119,7.13645540639,1-ethyl-3-methylimidazolium ethyl sulfate,298.16,129865.0
7.10504754671,7.08391846125,1-ethyl-3-methylimidazolium tetrafluoroborate,340.548,29899.0
7.33517755444,7.33633030909,1-ethyl-3-methylimidazolium ethyl sulfate,328.15,101.0
7.11517586983,7.11595874714,1-ethyl-3-methylimidazolium tetrafluoroborate,355.861,29675.0
7.09007683578,7.08864185491,1-ethyl-3-methylimidazolium ethyl sulfate,283.15,2500.0
7.13083482825,7.13667658557,1-ethyl-3-methylimidazolium bis[(trifluoromethyl)sulfonyl]imide,328.03,101.325
7.17150320114,7.15109390243,1-ethyl-3-methylimidazolium ethyl sulfate,293.15,15000.0
7.12165624893,7.12443896755,1-ethyl-3-methylimidazolium ethyl sulfate,333.15,15000.0
7.25049355718,7.23606645311,1-ethyl-3-methylimidazolium ethyl sulfate,340.65,10000.0
7.25981961036,7.2761857507,1-ethyl-3-methylimidazolium ethyl sulfate,318.15,101.325
7.31543792653,7.31786252699,1-ethyl-3-methylimidazolium tetrafluoroborate,472.4,180000.0
7.08991015522,7.09313590541,1-ethyl-3-methylimidazolium hexafluorophosphate,472.4,60000.0
7.13457207566,7.13937714038,1-ethyl-3-methylimidazolium tetrafluoroborate,472.4,200000.0
7.14188624695,7.1248297066,1-ethyl-3-methylimidazolium ethyl sulfate,305.65,20000.0
7.22700869027,7.22144912681,1-ethyl-3-methylimidazolium tetrafluoroborate,352.7,20000.0
7.13249755166,7.13726100089,1-ethyl-3-methylimidazolium tetrafluoroborate,318.15,6000.0
7.14203657471,7.14836531905,1-ethyl-3-methylimidazolium hexafluorophosphate,392.9,130000.0
7.0741168162,7.05965333528,1-ethyl-3-methylimidazolium trifluoromethanesulfonate,318.15,101.325
7.00479124149,7.01594133926,1-ethyl-3-methylimidazolium ethyl sulfate,398.15,120000.0
7.28961052145,7.29984876263,1-ethyl-3-methylimidazolium ethyl sulfate,283.15,89964.0
7.12004008696,7.1232700881,1-ethyl-3-methylimidazolium bis[(trifluoromethyl)sulfonyl]imide,293.15,25000.0
7.29885773625,7.30325153387,1-ethyl-3-methylimidazolium methylsulfate,358.15,101.325
7.11697838897,7.1215163043,1-ethyl-3-methylimidazolium ethyl sulfate,303.15,30000.0
7.32850301062,7.32250442261,1-ethyl-3-methylimidazolium trifluoromethanesulfonate,278.15,101.0
7.08774077598,7.08937258407,1-ethyl-3-methylimidazolium ethyl sulfate,293.15,10010.0
7.10315757531,7.09941051329,1-ethyl-3-methylimidazolium bis[(trifluoromethyl)sulfonyl]imide,363.15,101.325
7.24208235926,7.25525640215,1-ethyl-3-methylimidazolium trifluoromethanesulfonate,333.14,101.325
7.00470048504,7.00562517825,1-ethyl-3-methylimidazolium ethyl sulfate,313.15,15000.0
6.987490247,7.00133046011,1-ethyl-3-methylimidazolium ethyl sulfate,308.15,25000.0
7.09149249992,7.09109380587,1-ethyl-3-methylimidazolium tetrafluoroborate,318.15,14000.0
7.09837563859,7.13061100914,1-ethyl-3-methylimidazolium ethyl sulfate,328.15,101.325
7.1294577925,7.13375444797,1-ethyl-3-methylimidazolium ethyl sulfate,333.12,19852.0
7.15453722886,7.15694001874,1-ethyl-3-methylimidazolium thiocyanate,291.468,9629.0
7.32448997935,7.32662912286,1-ethyl-3-methylimidazolium ethyl sulfate,263.15,101.325
7.30182234214,7.3061737325,1-ethyl-3-methylimidazolium tetrafluoroborate,325.39,60094.0
7.25148681728,7.23700608872,1-ethyl-3-methylimidazolium bis[(trifluoromethyl)sulfonyl]imide,333.15,101.325
7.14503839385,7.1242096995,1-ethyl-3-methylimidazolium tetrafluoroborate,304.693,19721.0
7.12439774395,7.12907894237,1-ethyl-3-methylimidazolium ethyl sulfate,391.39,1000.0
7.37148929521,7.33719460748,1-ethyl-3-methylimidazolium bis[(trifluoromethyl)sulfonyl]imide,414.92,20000.0
7.15172054599,7.15398859813,1-ethyl-3-methylimidazolium methylsulfate,303.15,10000.0
7.17326842666,7.16570661461,1-ethyl-3-methylimidazolium bis[(trifluoromethyl)sulfonyl]imide,313.17,5147.0
7.16084590666,7.13944023509,1-ethyl-3-methylimidazolium bis[(trifluoromethyl)sulfonyl]imide,353.15,25000.0
7.10010967148,7.09573032196,1-ethyl-3-methylimidazolium ethyl sulfate,295.65,30000.0
7.16355961254,7.1617845255,1-ethyl-3-methylimidazolium tetrafluoroborate,308.0,101.325
7.12318918723,7.12791005072,1-ethyl-3-methylimidazolium ethyl sulfate,298.16,139020.0
7.31999737137,7.31553023499,1-ethyl-3-methylimidazolium tetrafluoroborate,313.2,140000.0
7.12592648867,7.12411119861,1-ethyl-3-methylimidazolium methylsulfate,393.15,20000.0
7.12921741751,7.1279099897,1-ethyl-3-methylimidazolium bis[(trifluoromethyl)sulfonyl]imide,283.19,60272.0
7.13881937976,7.14544318144,1-ethyl-3-methylimidazolium methylsulfate,307.15,101.325
7.12137360907,7.12443896755,1-ethyl-3-methylimidazolium thiocyanate,332.174,50103.0
6.9957661563,7.01009705598,1-ethyl-3-methylimidazolium tetrafluoroborate,303.15,101.325
7.06902342658,7.06905699364,1-ethyl-3-methylimidazolium methanesulfonate,298.15,101.325
6.988413182,7.00133046011,1-ethyl-3-methylimidazolium tetrafluoroborate,432.9,180000.0
7.1115121165,7.11446794926,1-ethyl-3-methylimidazolium ethyl sulfate,353.15,2500.0
7.11476944837,7.10968153856,1-ethyl-3-methylimidazolium ethyl sulfate,373.15,40000.0
7.1253957159,7.13028336479,1-ethyl-3-methylimidazolium trifluoromethanesulfonate,293.15,101.325
7.16410147112,7.17817159857,1-ethyl-3-methylimidazolium methanesulfonate,348.15,101.325
7.20978394514,7.19758109724,1-ethyl-3-methylimidazolium bis[(trifluoromethyl)sulfonyl]imide,393.15,101.325
7.12274568354,7.12590006686,1-ethyl-3-methylimidazolium bis[(trifluoromethyl)sulfonyl]imide,352.34,1000.0
7.12254402591,7.12621238194,1-ethyl-3-methylimidazolium tetrafluoroborate,288.15,6000.0
7.11208291604,7.11446788824,1-ethyl-3-methylimidazolium ethyl sulfate,313.15,15000.0
7.3357187241,7.33606782441,1-ethyl-3-methylimidazolium bis[(trifluoromethyl)sulfonyl]imide,283.15,101.325
7.12028267783,7.12381896045,1-ethyl-3-methylimidazolium bis[(trifluoromethyl)sulfonyl]imide,333.14,99911.0
7.01643029561,7.01888924858,1-ethyl-3-methylimidazolium bis[(trifluoromethyl)sulfonyl]imide,333.65,101.325
7.11183832756,7.11388341191,1-ethyl-3-methylimidazolium ethyl sulfate,323.15,20000.0
7.09969707915,7.10164581828,1-ethyl-3-methylimidazolium trifluoromethanesulfonate,393.15,20000.0
7.2591161281,7.26256160582,1-ethyl-3-methylimidazolium ethyl sulfate,288.15,5000.0
7.22758987445,7.21505584501,1-ethyl-3-methylimidazolium ethyl sulfate,308.15,100.0
7.16247501373,7.14115847592,1-ethyl-3-methylimidazolium ethyl sulfate,353.19,10093.0
7.22198190666,7.20593486704,1-ethyl-3-methylimidazolium ethyl sulfate,323.15,101.325
7.20971001072,7.19752265327,1-ethyl-3-methylimidazolium tetrafluoroborate,452.6,160000.0
7.191354026,7.19012317221,1-ethyl-3-methylimidazolium thiocyanate,338.15,8000.0
7.35564110297,7.30674559071,1-ethyl-3-methylimidazolium ethyl sulfate,323.15,101.325
7.11874527412,7.11707333692,1-ethyl-3-methylimidazolium ethyl sulfate,352.34,40000.0
7.30222684562,7.30593995661,1-ethyl-3-methylimidazolium trifluoromethanesulfonate,303.15,20000.0
7.12274568354,7.12590006686,1-ethyl-3-methylimidazolium ethyl sulfate,358.15,101.325
7.12734050697,7.13258555632,1-ethyl-3-methylimidazolium methylsulfate,334.15,101.325
7.15352100833,7.15161528406,1-ethyl-3-methylimidazolium tetrafluoroborate,293.15,4000.0
7.15726808532,7.15921298827,1-ethyl-3-methylimidazolium bis[(trifluoromethyl)sulfonyl]imide,323.15,15000.0
7.08924315503,7.08992497523,1-ethyl-3-methylimidazolium tetrafluoroborate,293.15,101.325
7.10463698711,7.10690577581,1-ethyl-3-methylimidazolium thiocyanate,304.966,20369.0
7.09829299055,7.10687655382,1-ethyl-3-methylimidazolium ethyl sulfate,293.15,60000.0
7.14029455194,7.14230553407,1-ethyl-3-methylimidazolium ethyl sulfate,323.15,20000.0
7.25700270709,7.27045181058,1-ethyl-3-methylimidazolium tetrafluoroborate,323.15,101.0
7.09082655467,7.09229431806,1-ethyl-3-methylimidazolium trifluoromethanesulfonate,271.043,9677.3
7.10652416715,7.10836687512,1-ethyl-3-methylimidazolium ethyl sulfate,358.15,101.325
7.34858753093,7.29862185413,1-ethyl-3-methylimidazolium ethyl sulfate,353.15,45000.0
6.99658999268,6.9963092332,1-ethyl-3-methylimidazolium ethyl sulfate,293.14,19948.0
7.0915757119,7.09287922242,1-ethyl-3-methylimidazolium tetrafluoroborate,308.15,40000.0
7.15023860539,7.1295052244,1-ethyl-3-methylimidazolium tetrafluoroborate,293.15,101.325
7.08982680452,7.08699914796,1-ethyl-3-methylimidazolium bis[(trifluoromethyl)sulfonyl]imide,278.15,101.0
7.12775790274,7.13316997163,1-ethyl-3-methylimidazolium ethyl sulfate,293.15,25000.0
7.14527499624,7.15416506026,1-ethyl-3-methylimidazolium bis[(trifluoromethyl)sulfonyl]imide,353.15,10000.0
7.39018142823,7.36986464164,1-ethyl-3-methylimidazolium ethyl sulfate,330.65,100.0
7.12136553247,7.12443896755,1-ethyl-3-methylimidazolium tetrafluoroborate,303.15,101.325
7.09614174034,7.09284360622,1-ethyl-3-methylimidazolium hexafluorophosphate,412.9,110000.0
7.16487504585,7.16639492183,1-ethyl-3-methylimidazolium ethyl sulfate,333.18,139672.0
7.01705801387,7.01968728682,1-ethyl-3-methylimidazolium tetrafluoroborate,303.15,101.0
7.12897698473,7.13320509879,1-ethyl-3-methylimidazolium trifluoromethanesulfonate,308.15,101.325
7.09090982208,7.09265421338,1-ethyl-3-methylimidazolium ethyl sulfate,313.16,138377.0
7.10930740405,7.11271458127,1-ethyl-3-methylimidazolium thiocyanate,318.15,500.0
7.32211405426,7.32398161091,1-ethyl-3-methylimidazolium ethyl sulfate,413.15,30000.0
7.12713174373,7.13136558507,1-ethyl-3-methylimidazolium bis[(trifluoromethyl)sulfonyl]imide,313.15,49994.0
7.15524016168,7.15485335766,1-ethyl-3-methylimidazolium ethyl sulfate,354.15,101.325
7.15367741719,7.15173219153,1-ethyl-3-methylimidazolium bis[(trifluoromethyl)sulfonyl]imide,282.0,101.325
7.11590701248,7.11914345485,1-ethyl-3-methylimidazolium ethyl sulfate,283.15,35000.0
7.13409372119,7.13901436888,1-ethyl-3-methylimidazolium tetrafluoroborate,313.15,10000.0
7.1974353541,7.21119849907,1-ethyl-3-methylimidazolium bis[(trifluoromethyl)sulfonyl]imide,273.15,101.325
7.27170370689,7.27769857029,1-ethyl-3-methylimidazolium ethyl sulfate,298.15,7500.0
7.10679464455,7.11066909715,1-ethyl-3-methylimidazolium ethyl sulfate,333.15,101.325
7.33211410472,7.33247352011,1-ethyl-3-methylimidazolium tetrafluoroborate,333.15,100.0
7.32231226377,7.32370692424,1-ethyl-3-methylimidazolium tetrafluoroborate,353.15,101.325
7.23157639805,7.21605619325,1-ethyl-3-methylimidazolium methanesulfonate,278.15,101.325
7.22489906158,7.21204598043,1-ethyl-3-methylimidazolium bis[(trifluoromethyl)sulfonyl]imide,302.68,101.325
7.09639019783,7.09827897987,1-ethyl-3-methylimidazolium ethyl sulfate,413.15,14990.0
7.14866015987,7.1510663995,1-ethyl-3-methylimidazolium ethyl sulfate,338.15,15000.0
7.36327958696,7.35988170531,1-ethyl-3-methylimidazolium ethyl sulfate,293.15,250.0
7.38087903556,7.35472767718,1-ethyl-3-methylimidazolium hexafluorophosphate,332.7,120000.0
6.99640697658,7.00717474339,1-ethyl-3-methylimidazolium bis[(trifluoromethyl)sulfonyl]imide,333.15,3000.0
7.17011954345,7.17531407082,1-ethyl-3-methylimidazolium ethyl sulfate,348.15,101.325
7.13090683026,7.13612776204,1-ethyl-3-methylimidazolium tetrafluoroborate,333.15,25000.0
7.15453722886,7.15691068279,1-ethyl-3-methylimidazolium tetrafluoroborate,452.6,150000.0
7.0917421151,7.08308955549,1-ethyl-3-methylimidazolium trifluoromethanesulfonate,332.559,22229.0
7.14440718032,7.14236289834,1-ethyl-3-methylimidazolium tetrafluoroborate,452.6,100000.0
7.19691126469,7.19398044755,1-ethyl-3-methylimidazolium hexafluorophosphate,372.8,140000.0
7.14677217945,7.14511095724,1-ethyl-3-methylimidazolium acetate,363.15,101.325
6.98527172141,6.9954859489,1-ethyl-3-methylimidazolium ethyl sulfate,318.15,101.325
7.02117324602,7.02260948544,1-ethyl-3-methylimidazolium ethyl sulfate,278.15,100.0
7.36688752834,7.36349036172,1-ethyl-3-methylimidazolium tetrafluoroborate,303.15,8000.0
7.12482441836,7.12995556535,1-ethyl-3-methylimidazolium trifluoromethanesulfonate,288.15,101.325
7.11476944837,7.11713347099,1-ethyl-3-methylimidazolium ethyl sulfate,288.2,101.325
7.13449236581,7.1395987842,1-ethyl-3-methylimidazolium trifluoromethanesulfonate,318.15,101.325
7.05789793741,7.05736819914,1-ethyl-3-methylimidazolium ethyl sulfate,328.15,35000.0
7.11012453108,7.11275017305,1-ethyl-3-methylimidazolium trifluoromethanesulfonate,313.15,10000.0
7.00633284234,7.02062865982,1-ethyl-3-methylimidazolium ethyl sulfate,293.15,100.0
7.15305163494,7.15409881119,1-ethyl-3-methylimidazolium tetrafluoroborate,318.15,50000.0
7.13185037743,7.13755326957,1-ethyl-3-methylimidazolium bis[(trifluoromethyl)sulfonyl]imide,333.15,101.325
7.08514804254,7.08645038544,1-ethyl-3-methylimidazolium ethyl sulfate,357.15,101.325
7.10742547411,7.10851282996,1-ethyl-3-methylimidazolium ethyl sulfate,293.15,45000.0
7.11053284434,7.11329905761,1-ethyl-3-methylimidazolium bis[(trifluoromethyl)sulfonyl]imide,353.15,3000.0
7.11785411678,7.12151676892,1-ethyl-3-methylimidazolium ethyl sulfate,323.15,14990.0
7.10908666523,7.11300684995,1-ethyl-3-methylimidazolium acetate,338.15,101.0
7.11536276825,7.11914339383,1-ethyl-3-methylimidazolium ethyl sulfate,293.15,101.325
7.09991164841,7.10307136242,1-ethyl-3-methylimidazolium tetrafluoroborate,332.6,30000.0
7.09224115861,7.08992134658,1-ethyl-3-methylimidazolium acetate,293.15,101.325
7.13297667009,7.13842989254,1-ethyl-3-methylimidazolium methanesulfonate,318.0,101.325
7.25205395185,7.2378432644,1-ethyl-3-methylimidazolium thiocyanate,278.15,101.325
7.37775890823,7.34531834406,1-ethyl-3-methylimidazolium bis[(trifluoromethyl)sulfonyl]imide,391.25,1000.0
7.00385605527,7.01886365185,1-ethyl-3-methylimidazolium tetrafluoroborate,303.15,30000.0
7.0842264221,7.08435701613,1-ethyl-3-methylimidazolium ethyl sulfate,313.15,101.325
7.1332959549,7.13784898384,1-ethyl-3-methylimidazolium ethyl sulfate,313.15,101.325
6.99448328249,7.00717485736,1-ethyl-3-methylimidazolium ethyl sulfate,293.15,30000.0
7.12447826249,7.12131188908,1-ethyl-3-methylimidazolium tetrafluoroborate,303.15,1000.0
7.29233717617,7.30551794999,1-ethyl-3-methylimidazolium ethyl sulfate,318.15,101.0
7.20860033796,7.22048223853,1-ethyl-3-methylimidazolium tetrafluoroborate,323.15,20000.0
7.11281632275,7.11581217161,1-ethyl-3-methylimidazolium ethyl sulfate,353.18,59605.0
7.10647498159,7.10538454243,1-ethyl-3-methylimidazolium ethyl sulfate,348.15,35000.0
6.99933122247,6.99923189645,1-ethyl-3-methylimidazolium hexafluorophosphate,412.9,180000.0
7.06390396147,7.06204987184,1-ethyl-3-methylimidazolium ethyl sulfate,414.95,5000.0
